<!-- [ Mirror metadata ] generatedAt: 1460496853639 -->
<!-- Generated screen file. Fill the id tags below with content with
which to populate your previewed layout. For a complete specification
of sample data, please see http://jimulabs.com/sample-data-specifications/ 

Valid attributes on <screen> tag: theme="@style/someTheme" inEditMode="false" overlay="@drawable/mockup" -->
<screen>
    <_content layout="@layout/animal_recyclerview_element">
        <!-- TextView Examples:
        <animal_espece text="@string/string_resource" />
        <animal_espece text="Text literal" textSize="14sp" /> -->
        <animal_espece />
        <!-- ImageView Examples:
        <animal_photo src="@drawable/image_resource" />
        <animal_photo src="relative_path/image.jpg" /> -->
        <animal_photo />
        <animal_name />
        <animal_description />
    </_content>
</screen>
